,,Author,Date,Score,Message,isPremium,Summary,"Profile Url","Profile Image"
1,,Abject-Asparagus2060,"2025-12-16 03:52:50",8,"I rented a room in a privately owned house about a mile off campus my first two years which I loved. One of those giant craftsman houses which was so beautiful. It had its issues which made me eventually leave, and later it got sold unfortunately. But for a while I was really happy with it. I found it on Craigslist and it was like $800/month. Corporate owned housing def poses its issues, but so can private ownership (possibility for weirdos or neglect) but private ownership is pretty easy to get out of if it’s not working out, and tends to be cheaper. Broaden your scope around the neighborhoods, this place was a little further than a lot of people think to search but still walkable. Companies seem to have bought up everything in the immediate vicinity. Also consider places within bus distance, Ktown has a lot of reasonably priced options and it’s easy to get to campus from there.",no,,https://www.reddit.com/user/Abject-Asparagus2060/,https://styles.redditmedia.com/t5_6p80ag/styles/profileIcon_snoo03dcbbf3-af7f-4e00-94ec-7f779769925f-headshot.png?frame=1&auto=webp&crop=256%3A256%2Csmart&s=c66d0bda8a060a6f00e530a7e1e810c3f45033c8
2,,jenbcnightlynews,"2025-12-16 07:24:48",2,"I actually happen to like the place I’m at so far (Parq on Portland by StuHo). The managers are pretty communicative and the property is nice plus they throw cute little resident events (for multiple properties) every once in a while. Have yet to have a real issue w the place or the people running it. This is coming from someone who spent the previous year with an AWFUL leasing company- you can find good ones!!",no,,https://www.reddit.com/user/jenbcnightlynews/,https://styles.redditmedia.com/t5_9148q7/styles/profileIcon_snoo6380bcf1-3b83-4459-a2cc-dd396954a417-headshot.png?frame=1&auto=webp&crop=256%3A256%2Csmart&s=169b8858da551f031a9961a2c6feb53677fa1af2
3,,Low-Appearance4875,"2025-12-16 08:14:52",2,"Friend I just looked it up on here and [this](https://www.reddit.com/r/USC/s/3jHcdAJ68O) is what they’re saying",no,,https://www.reddit.com/user/Low-Appearance4875/,
4,,Fine_Push_955,"2025-12-16 11:48:30",9,"Renting from ppl >>> renting from companies",no,,https://www.reddit.com/user/Fine_Push_955/,https://www.redditstatic.com/avatars/defaults/v2/avatar_default_5.png
5,,bobthe1234567,"2025-12-16 19:44:47",2,"just live north of campus before adams",no,,https://www.reddit.com/user/bobthe1234567/,https://styles.redditmedia.com/t5_9bczsq/styles/profileIcon_snoo2f5e8c31-6c73-4e22-9bfb-087bdac954ed-headshot.png?frame=1&auto=webp&crop=256%3A256%2Csmart&s=902030a88d785c49b925289a2a6d0efbd363ca06
6,,rlttgb,"2025-12-16 20:27:35",5,"i live in a property owned by trojan buildings and i love it! there’s 3 landlords that are very responsive to any issues, and they do maintenance by their own hands if they can, and they know my name even though ive only talked to them a handful of times! its def expensive (i live in a 1b1b for 2k a month, i think the most bedrooms they go is 2b2b?), but a 1b1b was necessary for me, plus there’s free parking and they rent an in and out truck during finals. really nice and safe community but i’m rerenting with them next year because they’re cheaper than other 1b1bs in our area (somehow)",no,,https://www.reddit.com/user/rlttgb/,https://styles.redditmedia.com/t5_11ahx8/styles/profileIcon_snoo1bf78b5e-0457-4d70-b2fb-58b0eb1fc8b0-headshot-f.png?frame=1&auto=webp&crop=256%3A256%2Csmart&s=95f4bb3b76cfdc2269949200e89995411927a261
7,,SeaworthinessQuiet73,"2025-12-17 11:55:15",1,"Son lived in the Hub Coliseum for 2 years and really liked it. No issues and he got his deposit back too. Building was nicely maintained and they didn’t raise the rent year 2.",no,,https://www.reddit.com/user/SeaworthinessQuiet73/,https://www.redditstatic.com/avatars/defaults/v2/avatar_default_3.png
8,,brendandank,"2025-12-17 16:32:44",1,"I’m with mosaic student housing and I’m absolutely loving it so far! The management is swift in addressing my maintenance requests and rent is $900/mo for me. I’m in a five bedroom house less than a mile away from campus. The other rooms are going for $700ish/mo.",no,,https://www.reddit.com/user/brendandank/,https://www.redditstatic.com/avatars/defaults/v2/avatar_default_4.png
9,,Mindless-Bit-5666,"2025-12-18 17:23:12",1,"what property is that? i’m interested in off campus housing but it seems that all the options are generally gateway but it’s rather expensive…",no,,https://www.reddit.com/user/Mindless-Bit-5666/,https://www.redditstatic.com/avatars/defaults/v2/avatar_default_1.png
10,,[deleted],"2025-12-19 10:49:47",2,"Does Tuscany Apartments count?",no,,https://www.reddit.com/user/[deleted]/,
11,,Useful_Calendar845,"2025-12-29 02:42:59",1,"Hi! I am looking for someone to take over my lease ASAP starting in January at University Gateway Apartments. The apartment is a 2 bedroom 2 bath space and the room I am subleasing already has one other girl in it. Each room has its own bathroom. The apartment comes fully furnished. Gateway has its own gym, study rooms, laundry units on each floor, and a pool. It's a 5 min walk from campus and 5 mins from the village. Please reach out to me ASAP if interested. Girls only please. Rent is 1290.",no,,https://www.reddit.com/user/Useful_Calendar845/,https://www.redditstatic.com/avatars/defaults/v2/avatar_default_6.png
12,,Even_Luck8891,"2026-01-05 03:21:41",1,"hi! i’m leasing my room in a 2b2b apartment at the Shrine Collection ASAP. it’s a 5 min walk from campus & the village and super close to restaurants + greek row. there are 2 other girls living in the other room but you’ll have a bedroom and bathroom all to yourself. it can be either a single ($2000) or a double ($1150 each). dm me if interested.",no,,https://www.reddit.com/user/Even_Luck8891/,https://www.redditstatic.com/avatars/defaults/v2/avatar_default_5.png
13,,SadEmotion8310,"2026-01-07 05:50:24",1,"my thing is they're unfurnished for the most part, do you know of any houses that come furnished?",no,,https://www.reddit.com/user/SadEmotion8310/,https://www.redditstatic.com/avatars/defaults/v2/avatar_default_5.png
14,,blueberry1237,"2026-02-18 21:50:45",1,"Hi! I help manage a few smaller apartment buildings a short drive from campus and we currently have **studios and bachelor units available ($1,345–$1,475).**

They’re not walking distance, but a lot of students choose them because:  
• It’s quieter than living right next to campus  
• Easier street parking  
• More privacy than shared housing  
• Simple lease terms

If anyone’s looking for a solo space instead of roommates, feel free to DM me and I can share details or availability.

Good luck with your search!",no,,https://www.reddit.com/user/blueberry1237/,https://styles.redditmedia.com/t5_4pw3z6/styles/profileIcon_snoo62290f92-29fb-4dbb-8267-5e2258fb6a08-headshot.png?frame=1&auto=webp&crop=256%3A256%2Csmart&s=7b13c859a3a1a12e96a312918941d2c7d5134af6
15,,Ok-Reaction-6748,"2026-02-26 16:12:08",1,"I live in a good spot half mile from campus— at “community builders management”

It’s nice and clean, with heaters and AC for each room that are very efficient, which is nice because I can keep a certain temperature even if my roommates prefer another temp

average response time for fixing things is 19 hours 

It’s funny because the big fancy new buildings (like Moo) are actually 11 kids in one unit with 11 baths— super noisy

And then I heard that at Moo basically everyone lost their security deposit. Online reports talk about bedbugs , roaches.

My main point— ask around if the people you can rent from are honorable people , who fix things quick

These super corporations just try to look as nice as possible while being as shitty as possible. Funny enough.",no,,https://www.reddit.com/user/Ok-Reaction-6748/,https://www.redditstatic.com/avatars/defaults/v2/avatar_default_6.png
16,,alashia_,"2026-03-04 22:42:52",1,"$1499– Private Room & Private In room Bathroom in 3x3 at The Lorenzo (Aug 2026–July 2027 Lease)

This is for ONE bed in a  private room within a 3 Bed / 3 Bath apartment at The Lorenzo.

Rent is just $1499/month + $ 90 utilities — extremely affordable for everything included.

Fully furnished apartment, private bathroom access, modern kitchen, in-unit laundry, and a spacious living area.

Resort-style pools, massive fitness center, study lounges, theater room, sports courts, 24-hour security, and countless other amenities. The community is vibrant, social, and full of energy.

They also host Tasty Tuesdays and Thirsty Thursdays with free food and resident events throughout the year.

Affordable rent. Unmatched amenities. Prime social atmosphere.

Message me if interested.",no,,https://www.reddit.com/user/alashia_/,https://www.redditstatic.com/avatars/defaults/v2/avatar_default_0.png
17,,IQ1776,"2026-03-16 18:59:22",1,"Does anyone have any experience with H C Rentals? They post in different Facebook groups (see below), the price for 1 room close to campus (minutes away) is around $900-950 with everything included, they only have a Facebook page and they say that their website is under construction. Upon requesting a tour, they say that you have to fill in the application first, which they send you through Facebook Messenger and you have to pay the application fee of $60 with the explanation that they also have to do a background check first, and the application fee is refundable if your not deemed a prospective tenant.

  
Thanks in advance.

  
1. [https://www.facebook.com/groups/1815525892212162/search/?q=H%20C%20Rentals](https://www.facebook.com/groups/1815525892212162/search/?q=H%20C%20Rentals)

2. [https://www.facebook.com/groups/3624772284409021/search/?q=H%20C%20Rentals](https://www.facebook.com/groups/3624772284409021/search/?q=H%20C%20Rentals)

3. [https://www.facebook.com/groups/2276346809256403/search/?q=H%20C%20Rentals](https://www.facebook.com/groups/2276346809256403/search/?q=H%20C%20Rentals)

Their Facebook page:

[https://www.facebook.com/groups/3624772284409021/user/61576226462336/](https://www.facebook.com/groups/3624772284409021/user/61576226462336/)",no,,https://www.reddit.com/user/IQ1776/,https://styles.redditmedia.com/t5_f9owlc/styles/profileIcon_wuk9p0jn98lf1.jpg?frame=1&auto=webp&crop=256%3A256%2Csmart&s=d71078e404220b0f41030ed27bc3cc84c8198878
18,,Kucchanu2018,"2026-03-24 03:30:06",1,"Hi could you please send me details? Thank you",no,,https://www.reddit.com/user/Kucchanu2018/,https://www.redditstatic.com/avatars/defaults/v2/avatar_default_7.png
19,,Glittering_Aioli6195,"2026-03-27 21:31:25",1,"Highly recommend places on Ellendale, Menlo area as those places tend to be more privately owned ",no,,https://www.reddit.com/user/Glittering_Aioli6195/,https://www.redditstatic.com/avatars/defaults/v2/avatar_default_0.png
20,,emmarandoee,"2026-05-29 22:28:54",1,"hi! I have a family friend who has a basically empty apartment and is a 3 min drive away from campus! It’s 1 min South from expo park, and ik neighborhoods tend to get more “dangerous” going more south, but it’s right at the beginning of that and it’s relatively safe. the street itself is very family friendly so basically no college students, maybe just one house with college students? rent would be around $750/month and it would be a shared bathroom, kitchen and living room. There’s 3 rooms(1 is occupied by a really sweet older lady who’s hardly there lol) but 2 vacant rooms. It has WiFi, a rlly big tv, appliances and what not. There is street parking so yeah! It’s definitely not a luxurious as super fancy student housing apartments, but it’s genuinely pretty nice for the price! So if you really have a tight budget and this price is good for u, lmk! The apartment has a ring camera for the front, and the owners know everyone on the whole block so they like to keep a close eye of everything too for safety reasons! Obviously though past 11pm it can get “dangerous” to walk alone at night but for the most part this street only has families so it’s pretty safe! Obviously I’ll go more into depth but if you know someone, they can lmk and I’ll give them an even better explanation than js this😭",no,,https://www.reddit.com/user/emmarandoee/,https://www.redditstatic.com/avatars/defaults/v2/avatar_default_4.png
